{"cameraMode":{"drawMode":0,"name":"Shaded","section":"Shading Mode"},"sceneLighting":true,"audioPlay":false,"sceneViewState":{"showFog":true,"showMaterialUpdate":false,"showSkybox":true,"showFlares":true,"showImageEffects":true,"showParticleSystems":true},"in2DMode":false,"pivot":{"x":8.72314453125,"y":19.54248046875,"z":-26.69921875},"rotation":{"x":0.12612299621105195,"y":0.12612296640872956,"z":-0.01616823673248291,"w":0.9838335514068604},"size":18.261869430541993,"orthographic":true}